{"cameraMode":{"drawMode":0,"name":"Shaded","section":"Shading Mode"},"sceneLighting":true,"audioPlay":false,"sceneViewState":{"showFog":true,"showMaterialUpdate":false,"showSkybox":true,"showFlares":true,"showImageEffects":true,"showParticleSystems":true},"in2DMode":false,"pivot":{"x":35.53672790527344,"y":109.13076782226563,"z":1.4178314208984376},"rotation":{"x":-0.29197192192077639,"y":-0.44644293189048769,"z":0.15682630240917207,"w":-0.8311718702316284},"size":409.0866394042969,"orthographic":false}